Station Name,Depth Code,Start Date,corr_date,Nutrient.Parameter,Nutrient ID.Parameter,Result,Depth,,,,,
H4,B,1/10/18,1/10/18,DON,Dissolved Organic Nitrogen,0.122,19.2,,,0.006,0.135,0.263
H4,S,1/10/18,1/10/18,DON,Dissolved Organic Nitrogen,0.109,2,,,0.003,0.133,0.245
H4,B,2/6/18,2/6/18,DON,Dissolved Organic Nitrogen,0.102,19,,,0.04,0.078,0.22
H4,S,2/6/18,2/6/18,DON,Dissolved Organic Nitrogen,0.128,2,,,0.018,0.054,0.2
H4,B,3/6/18,3/6/18,DON,Dissolved Organic Nitrogen,NA,19,,,0,0.009,0.132
H4,S,3/6/18,3/6/18,DON,Dissolved Organic Nitrogen,NA,2,,,0,0.012,0.128
H4,B,4/9/18,4/9/18,DON,Dissolved Organic Nitrogen,NA,19.1,,,0,0.009,0.131
H4,S,4/9/18,4/9/18,DON,Dissolved Organic Nitrogen,NA,2,,,0,0.009,0.135
H4,B,5/1/18,5/1/18,DON,Dissolved Organic Nitrogen,0.084,19,,,0.015,0.024,0.123
H4,S,5/1/18,5/1/18,DON,Dissolved Organic Nitrogen,0.088,1.9,,,0.004,0.018,0.11
H4,B,5/30/18,5/30/18,DON,Dissolved Organic Nitrogen,0.103,19,,,0.021,0.022,0.146
H4,S,5/30/18,5/30/18,DON,Dissolved Organic Nitrogen,NA,2,,,0,0.011,0.135
H4,B,7/2/18,7/2/18,DON,Dissolved Organic Nitrogen,0.144,19,,,0.026,0.037,0.207
H4,S,7/2/18,7/2/18,DON,Dissolved Organic Nitrogen,NA,2,,,0,0.023,0.139
H4,B,7/30/18,7/30/18,DON,Dissolved Organic Nitrogen,0.141,19,,,0.041,0.029,0.211
H4,S,7/30/18,7/30/18,DON,Dissolved Organic Nitrogen,NA,2,,,0,0.009,0.179
H4,B,8/27/18,8/27/18,DON,Dissolved Organic Nitrogen,NA,19.1,,,0,0.133,0.276
H4,S,8/27/18,8/27/18,DON,Dissolved Organic Nitrogen,NA,1.9,,,0,0.011,0.177
H4,B,10/2/18,10/2/18,DON,Dissolved Organic Nitrogen,0.146,19,,,0.006,0.056,0.208
H4,S,10/2/18,10/2/18,DON,Dissolved Organic Nitrogen,0.139,2,,,0.007,0.035,0.181
H4,B,11/5/18,11/5/18,DON,Dissolved Organic Nitrogen,NA,19,,,0,0.115,0.256
H4,S,11/5/18,11/5/18,DON,Dissolved Organic Nitrogen,NA,2,,,0,0.122,0.26
H4,B,11/30/18,11/30/18,DON,Dissolved Organic Nitrogen,NA,19,,,,,
H4,S,11/30/18,11/30/18,DON,Dissolved Organic Nitrogen,NA,2,,,,,
H4,B,1/10/18,1/10/18,NH4,Ammonia,0.006,19.2,,,,,
H4,S,1/10/18,1/10/18,NH4,Ammonia,0.003,2,,,,,
H4,B,2/6/18,2/6/18,NH4,Ammonia,0.04,19,,,,,
H4,S,2/6/18,2/6/18,NH4,Ammonia,0.018,2,,,,,
H4,B,3/6/18,3/6/18,NH4,Ammonia,NA,19,,,,,
H4,S,3/6/18,3/6/18,NH4,Ammonia,NA,2,,,,,
H4,B,4/9/18,4/9/18,NH4,Ammonia,NA,19.1,,,,,
H4,S,4/9/18,4/9/18,NH4,Ammonia,NA,2,,,,,
H4,B,5/1/18,5/1/18,NH4,Ammonia,0.015,19,,,,,
H4,S,5/1/18,5/1/18,NH4,Ammonia,0.004,1.9,,,,,
H4,B,5/30/18,5/30/18,NH4,Ammonia,0.021,19,,,,,
H4,S,5/30/18,5/30/18,NH4,Ammonia,NA,2,,,,,
H4,B,7/2/18,7/2/18,NH4,Ammonia,0.026,19,,,,,
H4,S,7/2/18,7/2/18,NH4,Ammonia,NA,2,,,,,
H4,B,7/30/18,7/30/18,NH4,Ammonia,0.041,19,,,,,
H4,S,7/30/18,7/30/18,NH4,Ammonia,NA,2,,,,,
H4,B,8/27/18,8/27/18,NH4,Ammonia,NA,19.1,,,,,
H4,S,8/27/18,8/27/18,NH4,Ammonia,NA,1.9,,,,,
H4,B,10/2/18,10/2/18,NH4,Ammonia,0.006,19,,,,,
H4,S,10/2/18,10/2/18,NH4,Ammonia,0.007,2,,,,,
H4,B,11/5/18,11/5/18,NH4,Ammonia,NA,19,,,,,
H4,S,11/5/18,11/5/18,NH4,Ammonia,NA,2,,,,,
H4,B,11/30/18,11/30/18,NH4,Ammonia,NA,19,,,,,
H4,S,11/30/18,11/30/18,NH4,Ammonia,NA,2,,,,,
H4,B,1/10/18,1/10/18,BIOSI,Biogenic Silica,1.064,19.2,,,,,
H4,S,1/10/18,1/10/18,BIOSI,Biogenic Silica,0.552,2,,,,,
H4,B,2/6/18,2/6/18,BIOSI,Biogenic Silica,2.875,19,,,,,
H4,S,2/6/18,2/6/18,BIOSI,Biogenic Silica,1.243,2,,,,,
H4,B,3/6/18,3/6/18,BIOSI,Biogenic Silica,0.989,19,,,,,
H4,S,3/6/18,3/6/18,BIOSI,Biogenic Silica,0.209,2,,,,,
H4,B,4/9/18,4/9/18,BIOSI,Biogenic Silica,0.414,19.1,,,,,
H4,S,4/9/18,4/9/18,BIOSI,Biogenic Silica,0.417,2,,,,,
H4,B,5/1/18,5/1/18,BIOSI,Biogenic Silica,0.462,19,,,,,
H4,S,5/1/18,5/1/18,BIOSI,Biogenic Silica,0.365,1.9,,,,,
H4,B,5/30/18,5/30/18,BIOSI,Biogenic Silica,0.332,19,,,,,
H4,S,5/30/18,5/30/18,BIOSI,Biogenic Silica,0.148,2,,,,,
H4,B,7/2/18,7/2/18,BIOSI,Biogenic Silica,1.136,19,,,,,
H4,S,7/2/18,7/2/18,BIOSI,Biogenic Silica,0.268,2,,,,,
H4,B,7/30/18,7/30/18,BIOSI,Biogenic Silica,0.662,19,,,,,
H4,S,7/30/18,7/30/18,BIOSI,Biogenic Silica,0.105,2,,,,,
H4,B,8/27/18,8/27/18,BIOSI,Biogenic Silica,0.716,19.1,,,,,
H4,S,8/27/18,8/27/18,BIOSI,Biogenic Silica,0.3,1.9,,,,,
H4,B,10/2/18,10/2/18,BIOSI,Biogenic Silica,0.723,19,,,,,
H4,S,10/2/18,10/2/18,BIOSI,Biogenic Silica,0.397,2,,,,,
H4,B,11/5/18,11/5/18,BIOSI,Biogenic Silica,1.273,19,,,,,
H4,S,11/5/18,11/5/18,BIOSI,Biogenic Silica,0.671,2,,,,,
H4,B,11/30/18,11/30/18,BIOSI,Biogenic Silica,1.096,19,,,,,
H4,S,11/30/18,11/30/18,BIOSI,Biogenic Silica,0.519,2,,,,,
H4,B,1/10/18,1/10/18,CHLA,Chlorophyll a,1.1,19.2,,,,,
H4,S,1/10/18,1/10/18,CHLA,Chlorophyll a,1,2,,,,,
H4,B,2/6/18,2/6/18,CHLA,Chlorophyll a,6.2,19,,,,,
H4,S,2/6/18,2/6/18,CHLA,Chlorophyll a,4.1,2,,,,,
H4,B,3/6/18,3/6/18,CHLA,Chlorophyll a,3.5,19,,,,,
H4,S,3/6/18,3/6/18,CHLA,Chlorophyll a,1.3,2,,,,,
H4,B,4/9/18,4/9/18,CHLA,Chlorophyll a,1.4,19.1,,,,,
H4,S,4/9/18,4/9/18,CHLA,Chlorophyll a,3.1,2,,,,,
H4,B,5/1/18,5/1/18,CHLA,Chlorophyll a,3,19,,,,,
H4,S,5/1/18,5/1/18,CHLA,Chlorophyll a,4.1,1.9,,,,,
H4,B,5/30/18,5/30/18,CHLA,Chlorophyll a,0.7,19,,,,,
H4,S,5/30/18,5/30/18,CHLA,Chlorophyll a,1.5,2,,,,,
H4,B,7/2/18,7/2/18,CHLA,Chlorophyll a,1,19,,,,,
H4,S,7/2/18,7/2/18,CHLA,Chlorophyll a,3.4,2,,,,,
H4,B,7/16/18,7/16/18,CHLA,Chlorophyll a,1.5,19,,,,,
H4,S,7/16/18,7/16/18,CHLA,Chlorophyll a,3.1,2,,,,,
H4,B,7/30/18,7/30/18,CHLA,Chlorophyll a,0.8,19.1,,,,,
H4,S,7/30/18,7/30/18,CHLA,Chlorophyll a,1.6,1.9,,,,,
H4,B,8/13/18,8/13/18,CHLA,Chlorophyll a,0.7,19,,,,,
H4,S,8/13/18,8/13/18,CHLA,Chlorophyll a,5.3,2,,,,,
H4,B,8/27/18,8/27/18,CHLA,Chlorophyll a,1.2,19,,,,,
H4,S,8/27/18,8/27/18,CHLA,Chlorophyll a,3.5,2,,,,,
H4,B,10/2/18,10/2/18,CHLA,Chlorophyll a,4.5,19,,,,,
H4,S,10/2/18,10/2/18,CHLA,Chlorophyll a,6.2,2,,,,,
H4,B,11/5/18,11/5/18,CHLA,Chlorophyll a,4.1,19.2,,,,,
H4,S,11/5/18,11/5/18,CHLA,Chlorophyll a,3.6,2,,,,,
H4,B,11/30/18,11/30/18,CHLA,Chlorophyll a,2.8,19,,,,,
H4,S,11/30/18,11/30/18,CHLA,Chlorophyll a,3.2,2,,,,,
H4,B,1/10/18,1/10/18,DOC,Dissolved Organic Carbon,1.8,19,,,,,
H4,S,1/10/18,1/10/18,DOC,Dissolved Organic Carbon,1.8,2,,,,,
H4,B,2/6/18,2/6/18,DOC,Dissolved Organic Carbon,1.6,19.1,,,,,
H4,S,2/6/18,2/6/18,DOC,Dissolved Organic Carbon,1.7,2,,,,,
H4,B,3/6/18,3/6/18,DOC,Dissolved Organic Carbon,1.6,19,,,,,
H4,S,3/6/18,3/6/18,DOC,Dissolved Organic Carbon,1.6,1.9,,,,,
H4,B,4/9/18,4/9/18,DOC,Dissolved Organic Carbon,1.6,19,,,,,
H4,S,4/9/18,4/9/18,DOC,Dissolved Organic Carbon,1.7,2,,,,,
H4,B,5/1/18,5/1/18,DOC,Dissolved Organic Carbon,1.5,19,,,,,
H4,S,5/1/18,5/1/18,DOC,Dissolved Organic Carbon,1.5,2,,,,,
H4,B,5/30/18,5/30/18,DOC,Dissolved Organic Carbon,1.5,19,,,,,
H4,S,5/30/18,5/30/18,DOC,Dissolved Organic Carbon,1.6,2,,,,,
H4,B,7/2/18,7/2/18,DOC,Dissolved Organic Carbon,1.6,19.1,,,,,
H4,S,7/2/18,7/2/18,DOC,Dissolved Organic Carbon,2,1.9,,,,,
H4,B,7/30/18,7/30/18,DOC,Dissolved Organic Carbon,1.6,19,,,,,
H4,S,7/30/18,7/30/18,DOC,Dissolved Organic Carbon,2,2,,,,,
H4,B,8/27/18,8/27/18,DOC,Dissolved Organic Carbon,1.5,19,,,,,
H4,S,8/27/18,8/27/18,DOC,Dissolved Organic Carbon,2,2,,,,,
H4,B,10/2/18,10/2/18,DOC,Dissolved Organic Carbon,1.6,19,,,,,
H4,S,10/2/18,10/2/18,DOC,Dissolved Organic Carbon,1.7,2,,,,,
H4,B,11/5/18,11/5/18,DOC,Dissolved Organic Carbon,1.6,19.2,,,,,
H4,S,11/5/18,11/5/18,DOC,Dissolved Organic Carbon,1.6,2,,,,,
H4,B,11/30/18,11/30/18,DOC,Dissolved Organic Carbon,1.6,19,,,,,
H4,S,11/30/18,11/30/18,DOC,Dissolved Organic Carbon,1.8,2,,,,,
H4,B,1/10/18,1/10/18,DSI,Dissolved Silica,2.679,19,,,,,
H4,S,1/10/18,1/10/18,DSI,Dissolved Silica,2.738,2,,,,,
H4,B,2/6/18,2/6/18,DSI,Dissolved Silica,1.856,19.1,,,,,
H4,S,2/6/18,2/6/18,DSI,Dissolved Silica,1.641,2,,,,,
H4,B,3/6/18,3/6/18,DSI,Dissolved Silica,0.355,19,,,,,
H4,S,3/6/18,3/6/18,DSI,Dissolved Silica,0.376,1.9,,,,,
H4,B,4/9/18,4/9/18,DSI,Dissolved Silica,0.12,19,,,,,
H4,S,4/9/18,4/9/18,DSI,Dissolved Silica,0.085,2,,,,,
H4,B,5/1/18,5/1/18,DSI,Dissolved Silica,0.069,19,,,,,
H4,S,5/1/18,5/1/18,DSI,Dissolved Silica,0.039,2,,,,,
H4,B,5/30/18,5/30/18,DSI,Dissolved Silica,0.401,19,,,,,
H4,S,5/30/18,5/30/18,DSI,Dissolved Silica,0.154,2,,,,,
H4,B,7/2/18,7/2/18,DSI,Dissolved Silica,0.893,19.1,,,,,
H4,S,7/2/18,7/2/18,DSI,Dissolved Silica,0.244,1.9,,,,,
H4,B,7/30/18,7/30/18,DSI,Dissolved Silica,1.249,19,,,,,
H4,S,7/30/18,7/30/18,DSI,Dissolved Silica,1.159,2,,,,,
H4,B,8/27/18,8/27/18,DSI,Dissolved Silica,2.522,19,,,,,
H4,S,8/27/18,8/27/18,DSI,Dissolved Silica,1.523,2,,,,,
H4,B,10/2/18,10/2/18,DSI,Dissolved Silica,1.824,19,,,,,
H4,S,10/2/18,10/2/18,DSI,Dissolved Silica,1.791,2,,,,,
H4,B,11/5/18,11/5/18,DSI,Dissolved Silica,2.04,19.2,,,,,
H4,S,11/5/18,11/5/18,DSI,Dissolved Silica,2.295,2,,,,,
H4,B,11/30/18,11/30/18,DSI,Dissolved Silica,2.391,19,,,,,
H4,S,11/30/18,11/30/18,DSI,Dissolved Silica,2.381,2,,,,,
H4,B,1/10/18,1/10/18,NOx,Nitrate + Nitrite,0.135,19,,,,,
H4,S,1/10/18,1/10/18,NOx,Nitrate + Nitrite,0.133,2,,,,,
H4,B,2/6/18,2/6/18,NOx,Nitrate + Nitrite,0.078,19.1,,,,,
H4,S,2/6/18,2/6/18,NOx,Nitrate + Nitrite,0.054,2,,,,,
H4,B,3/6/18,3/6/18,NOx,Nitrate + Nitrite,0.009,19,,,,,
H4,S,3/6/18,3/6/18,NOx,Nitrate + Nitrite,0.012,1.9,,,,,
H4,B,4/9/18,4/9/18,NOx,Nitrate + Nitrite,0.009,19,,,,,
H4,S,4/9/18,4/9/18,NOx,Nitrate + Nitrite,0.009,2,,,,,
H4,B,5/1/18,5/1/18,NOx,Nitrate + Nitrite,0.024,19,,,,,
H4,S,5/1/18,5/1/18,NOx,Nitrate + Nitrite,0.018,2,,,,,
H4,B,5/30/18,5/30/18,NOx,Nitrate + Nitrite,0.022,19,,,,,
H4,S,5/30/18,5/30/18,NOx,Nitrate + Nitrite,0.011,2,,,,,
H4,B,7/2/18,7/2/18,NOx,Nitrate + Nitrite,0.037,19.1,,,,,
H4,S,7/2/18,7/2/18,NOx,Nitrate + Nitrite,0.023,1.9,,,,,
H4,B,7/30/18,7/30/18,NOx,Nitrate + Nitrite,0.029,19,,,,,
H4,S,7/30/18,7/30/18,NOx,Nitrate + Nitrite,0.009,2,,,,,
H4,B,8/27/18,8/27/18,NOx,Nitrate + Nitrite,0.133,19,,,,,
H4,S,8/27/18,8/27/18,NOx,Nitrate + Nitrite,0.011,2,,,,,
H4,B,10/2/18,10/2/18,NOx,Nitrate + Nitrite,0.056,19,,,,,
H4,S,10/2/18,10/2/18,NOx,Nitrate + Nitrite,0.035,2,,,,,
H4,B,11/5/18,11/5/18,NOx,Nitrate + Nitrite,0.115,19.2,,,,,
H4,S,11/5/18,11/5/18,NOx,Nitrate + Nitrite,0.122,2,,,,,
H4,B,11/30/18,11/30/18,NOx,Nitrate + Nitrite,0.131,19,,,,,
H4,S,11/30/18,11/30/18,NOx,Nitrate + Nitrite,0.133,2,,,,,
H4,B,1/10/18,1/10/18,DIP,Orthophosphate,0.079,19,,,,,
H4,S,1/10/18,1/10/18,DIP,Orthophosphate,0.083,2,,,,,
H4,B,2/6/18,2/6/18,DIP,Orthophosphate,0.069,19.1,,,,,
H4,S,2/6/18,2/6/18,DIP,Orthophosphate,0.065,2,,,,,
H4,B,3/6/18,3/6/18,DIP,Orthophosphate,0.036,19,,,,,
H4,S,3/6/18,3/6/18,DIP,Orthophosphate,0.036,1.9,,,,,
H4,B,4/9/18,4/9/18,DIP,Orthophosphate,0.031,19,,,,,
H4,S,4/9/18,4/9/18,DIP,Orthophosphate,0.028,2,,,,,
H4,B,5/1/18,5/1/18,DIP,Orthophosphate,0.031,19,,,,,
H4,S,5/1/18,5/1/18,DIP,Orthophosphate,0.03,2,,,,,
H4,B,5/30/18,5/30/18,DIP,Orthophosphate,0.037,19,,,,,
H4,S,5/30/18,5/30/18,DIP,Orthophosphate,0.031,2,,,,,
H4,B,7/2/18,7/2/18,DIP,Orthophosphate,0.042,19.1,,,,,
H4,S,7/2/18,7/2/18,DIP,Orthophosphate,0.023,1.9,,,,,
H4,B,7/30/18,7/30/18,DIP,Orthophosphate,0.04,19,,,,,
H4,S,7/30/18,7/30/18,DIP,Orthophosphate,0.028,2,,,,,
H4,B,8/27/18,8/27/18,DIP,Orthophosphate,0.068,19,,,,,
H4,S,8/27/18,8/27/18,DIP,Orthophosphate,0.042,2,,,,,
H4,B,10/2/18,10/2/18,DIP,Orthophosphate,0.068,19,,,,,
H4,S,10/2/18,10/2/18,DIP,Orthophosphate,0.069,2,,,,,
H4,B,11/5/18,11/5/18,DIP,Orthophosphate,0.078,19.2,,,,,
H4,S,11/5/18,11/5/18,DIP,Orthophosphate,0.082,2,,,,,
H4,B,11/30/18,11/30/18,DIP,Orthophosphate,0.078,19,,,,,
H4,S,11/30/18,11/30/18,DIP,Orthophosphate,0.077,2,,,,,
H4,B,1/10/18,1/10/18,PC,Particulate Carbon,0.4,19,,,,,
H4,S,1/10/18,1/10/18,PC,Particulate Carbon,0.354,2,,,,,
H4,B,2/6/18,2/6/18,PC,Particulate Carbon,0.976,19.1,,,,,
H4,S,2/6/18,2/6/18,PC,Particulate Carbon,0.691,2,,,,,
H4,B,3/6/18,3/6/18,PC,Particulate Carbon,0.453,19,,,,,
H4,S,3/6/18,3/6/18,PC,Particulate Carbon,0.211,1.9,,,,,
H4,B,4/9/18,4/9/18,PC,Particulate Carbon,0.262,19,,,,,
H4,S,4/9/18,4/9/18,PC,Particulate Carbon,0.471,2,,,,,
H4,B,5/1/18,5/1/18,PC,Particulate Carbon,0.342,19,,,,,
H4,S,5/1/18,5/1/18,PC,Particulate Carbon,0.448,2,,,,,
H4,B,5/30/18,5/30/18,PC,Particulate Carbon,0.229,19,,,,,
H4,S,5/30/18,5/30/18,PC,Particulate Carbon,0.376,2,,,,,
H4,B,7/2/18,7/2/18,PC,Particulate Carbon,0.539,19.1,,,,,
H4,S,7/2/18,7/2/18,PC,Particulate Carbon,0.724,1.9,,,,,
H4,B,7/30/18,7/30/18,PC,Particulate Carbon,0.273,19,,,,,
H4,S,7/30/18,7/30/18,PC,Particulate Carbon,0.456,2,,,,,
H4,B,8/27/18,8/27/18,PC,Particulate Carbon,0.302,19,,,,,
H4,S,8/27/18,8/27/18,PC,Particulate Carbon,0.808,2,,,,,
H4,B,10/2/18,10/2/18,PC,Particulate Carbon,0.326,19,,,,,
H4,S,10/2/18,10/2/18,PC,Particulate Carbon,0.544,2,,,,,
H4,B,11/5/18,11/5/18,PC,Particulate Carbon,0.496,19.2,,,,,
H4,S,11/5/18,11/5/18,PC,Particulate Carbon,0.29,2,,,,,
H4,B,11/30/18,11/30/18,PC,Particulate Carbon,0.391,19,,,,,
H4,S,11/30/18,11/30/18,PC,Particulate Carbon,0.384,2,,,,,
H4,B,1/10/18,1/10/18,PN,Particulate Nitrogen,0.049,19,,,,,
H4,S,1/10/18,1/10/18,PN,Particulate Nitrogen,0.031,2,,,,,
H4,B,2/6/18,2/6/18,PN,Particulate Nitrogen,0.15,19.1,,,,,
H4,S,2/6/18,2/6/18,PN,Particulate Nitrogen,0.095,2,,,,,
H4,B,3/6/18,3/6/18,PN,Particulate Nitrogen,0.063,19,,,,,
H4,S,3/6/18,3/6/18,PN,Particulate Nitrogen,0.023,1.9,,,,,
H4,B,4/9/18,4/9/18,PN,Particulate Nitrogen,0.021,19,,,,,
H4,S,4/9/18,4/9/18,PN,Particulate Nitrogen,0.039,2,,,,,
H4,B,5/1/18,5/1/18,PN,Particulate Nitrogen,0.045,19,,,,,
H4,S,5/1/18,5/1/18,PN,Particulate Nitrogen,0.06,2,,,,,
H4,B,5/30/18,5/30/18,PN,Particulate Nitrogen,0.021,19,,,,,
H4,S,5/30/18,5/30/18,PN,Particulate Nitrogen,0.042,2,,,,,
H4,B,7/2/18,7/2/18,PN,Particulate Nitrogen,0.064,19.1,,,,,
H4,S,7/2/18,7/2/18,PN,Particulate Nitrogen,0.066,1.9,,,,,
H4,B,7/30/18,7/30/18,PN,Particulate Nitrogen,0.031,19,,,,,
H4,S,7/30/18,7/30/18,PN,Particulate Nitrogen,0.055,2,,,,,
H4,B,8/27/18,8/27/18,PN,Particulate Nitrogen,0.044,19,,,,,
H4,S,8/27/18,8/27/18,PN,Particulate Nitrogen,0.08,2,,,,,
H4,B,10/2/18,10/2/18,PN,Particulate Nitrogen,0.05,19,,,,,
H4,S,10/2/18,10/2/18,PN,Particulate Nitrogen,0.073,2,,,,,
H4,B,11/5/18,11/5/18,PN,Particulate Nitrogen,0.071,19.2,,,,,
H4,S,11/5/18,11/5/18,PN,Particulate Nitrogen,0.047,2,,,,,
H4,B,11/30/18,11/30/18,PN,Particulate Nitrogen,0.053,19,,,,,
H4,S,11/30/18,11/30/18,PN,Particulate Nitrogen,0.048,2,,,,,
H4,B,1/10/18,1/10/18,PP,Particulate Phosphorus,0.011,19,,,,,
H4,S,1/10/18,1/10/18,PP,Particulate Phosphorus,0.005,2,,,,,
H4,B,2/6/18,2/6/18,PP,Particulate Phosphorus,0.027,19.1,,,,,
H4,S,2/6/18,2/6/18,PP,Particulate Phosphorus,0.014,2,,,,,
H4,B,3/6/18,3/6/18,PP,Particulate Phosphorus,0.01,19,,,,,
H4,S,3/6/18,3/6/18,PP,Particulate Phosphorus,0.003,1.9,,,,,
H4,B,4/9/18,4/9/18,PP,Particulate Phosphorus,0.004,19,,,,,
H4,S,4/9/18,4/9/18,PP,Particulate Phosphorus,0.006,2,,,,,
H4,B,5/1/18,5/1/18,PP,Particulate Phosphorus,0.006,19,,,,,
H4,S,5/1/18,5/1/18,PP,Particulate Phosphorus,0.007,2,,,,,
H4,B,5/30/18,5/30/18,PP,Particulate Phosphorus,0.004,19,,,,,
H4,S,5/30/18,5/30/18,PP,Particulate Phosphorus,0.005,2,,,,,
H4,B,7/2/18,7/2/18,PP,Particulate Phosphorus,0.011,19.1,,,,,
H4,S,7/2/18,7/2/18,PP,Particulate Phosphorus,0.006,1.9,,,,,
H4,B,7/30/18,7/30/18,PP,Particulate Phosphorus,0.006,19,,,,,
H4,S,7/30/18,7/30/18,PP,Particulate Phosphorus,0.005,2,,,,,
H4,B,8/27/18,8/27/18,PP,Particulate Phosphorus,0.006,19,,,,,
H4,S,8/27/18,8/27/18,PP,Particulate Phosphorus,0.008,2,,,,,
H4,B,10/2/18,10/2/18,PP,Particulate Phosphorus,0.006,19,,,,,
H4,S,10/2/18,10/2/18,PP,Particulate Phosphorus,0.008,2,,,,,
H4,B,11/5/18,11/5/18,PP,Particulate Phosphorus,0.007,19.2,,,,,
H4,S,11/5/18,11/5/18,PP,Particulate Phosphorus,0.003,2,,,,,
H4,B,11/30/18,11/30/18,PP,Particulate Phosphorus,0.01,19,,,,,
H4,S,11/30/18,11/30/18,PP,Particulate Phosphorus,0.005,2,,,,,
H4,B,1/10/18,1/10/18,TDN,Total Dissolved Nitrogen,0.263,19,,,,,
H4,S,1/10/18,1/10/18,TDN,Total Dissolved Nitrogen,0.245,2,,,,,
H4,B,2/6/18,2/6/18,TDN,Total Dissolved Nitrogen,0.22,19.1,,,,,
H4,S,2/6/18,2/6/18,TDN,Total Dissolved Nitrogen,0.2,2,,,,,
H4,B,3/6/18,3/6/18,TDN,Total Dissolved Nitrogen,0.132,19,,,,,
H4,S,3/6/18,3/6/18,TDN,Total Dissolved Nitrogen,0.128,1.9,,,,,
H4,B,4/9/18,4/9/18,TDN,Total Dissolved Nitrogen,0.131,19,,,,,
H4,S,4/9/18,4/9/18,TDN,Total Dissolved Nitrogen,0.135,2,,,,,
H4,B,5/1/18,5/1/18,TDN,Total Dissolved Nitrogen,0.123,19,,,,,
H4,S,5/1/18,5/1/18,TDN,Total Dissolved Nitrogen,0.11,2,,,,,
H4,B,5/30/18,5/30/18,TDN,Total Dissolved Nitrogen,0.146,19,,,,,
H4,S,5/30/18,5/30/18,TDN,Total Dissolved Nitrogen,0.135,2,,,,,
H4,B,7/2/18,7/2/18,TDN,Total Dissolved Nitrogen,0.207,19.1,,,,,
H4,S,7/2/18,7/2/18,TDN,Total Dissolved Nitrogen,0.139,1.9,,,,,
H4,B,7/30/18,7/30/18,TDN,Total Dissolved Nitrogen,0.211,19,,,,,
H4,S,7/30/18,7/30/18,TDN,Total Dissolved Nitrogen,0.179,2,,,,,
H4,B,8/27/18,8/27/18,TDN,Total Dissolved Nitrogen,0.276,19,,,,,
H4,S,8/27/18,8/27/18,TDN,Total Dissolved Nitrogen,0.177,2,,,,,
H4,B,10/2/18,10/2/18,TDN,Total Dissolved Nitrogen,0.208,19,,,,,
H4,S,10/2/18,10/2/18,TDN,Total Dissolved Nitrogen,0.181,2,,,,,
H4,B,11/5/18,11/5/18,TDN,Total Dissolved Nitrogen,0.256,19.2,,,,,
H4,S,11/5/18,11/5/18,TDN,Total Dissolved Nitrogen,0.26,2,,,,,
H4,B,11/30/18,11/30/18,TDN,Total Dissolved Nitrogen,0.251,19,,,,,
H4,S,11/30/18,11/30/18,TDN,Total Dissolved Nitrogen,0.243,2,,,,,
H4,B,1/10/18,1/10/18,TDP,Total Dissolved Phosphorus,0.09,19,,,,,
H4,S,1/10/18,1/10/18,TDP,Total Dissolved Phosphorus,0.095,2,,,,,
H4,B,2/6/18,2/6/18,TDP,Total Dissolved Phosphorus,0.063,19.1,,,,,
H4,S,2/6/18,2/6/18,TDP,Total Dissolved Phosphorus,0.063,2,,,,,
H4,B,3/6/18,3/6/18,TDP,Total Dissolved Phosphorus,0.046,19,,,,,
H4,S,3/6/18,3/6/18,TDP,Total Dissolved Phosphorus,0.044,1.9,,,,,
H4,B,4/9/18,4/9/18,TDP,Total Dissolved Phosphorus,0.032,19,,,,,
H4,S,4/9/18,4/9/18,TDP,Total Dissolved Phosphorus,0.028,2,,,,,
H4,B,5/1/18,5/1/18,TDP,Total Dissolved Phosphorus,0.036,19,,,,,
H4,S,5/1/18,5/1/18,TDP,Total Dissolved Phosphorus,0.034,2,,,,,
H4,B,5/30/18,5/30/18,TDP,Total Dissolved Phosphorus,0.041,19,,,,,
H4,S,5/30/18,5/30/18,TDP,Total Dissolved Phosphorus,0.04,2,,,,,
H4,B,7/2/18,7/2/18,TDP,Total Dissolved Phosphorus,0.042,19.1,,,,,
H4,S,7/2/18,7/2/18,TDP,Total Dissolved Phosphorus,0.03,1.9,,,,,
H4,B,7/30/18,7/30/18,TDP,Total Dissolved Phosphorus,0.045,19,,,,,
H4,S,7/30/18,7/30/18,TDP,Total Dissolved Phosphorus,0.039,2,,,,,
H4,B,8/27/18,8/27/18,TDP,Total Dissolved Phosphorus,0.074,19,,,,,
H4,S,8/27/18,8/27/18,TDP,Total Dissolved Phosphorus,0.055,2,,,,,
H4,B,10/2/18,10/2/18,TDP,Total Dissolved Phosphorus,0.076,19,,,,,
H4,S,10/2/18,10/2/18,TDP,Total Dissolved Phosphorus,0.07,2,,,,,
H4,B,11/5/18,11/5/18,TDP,Total Dissolved Phosphorus,0.078,19.2,,,,,
H4,S,11/5/18,11/5/18,TDP,Total Dissolved Phosphorus,0.08,2,,,,,
H4,B,11/30/18,11/30/18,TDP,Total Dissolved Phosphorus,0.08,19,,,,,
H4,S,11/30/18,11/30/18,TDP,Total Dissolved Phosphorus,0.084,2,,,,,
H4,B,1/10/18,1/10/18,TSS,Total Suspended Solids,9,19,,,,,
H4,S,1/10/18,1/10/18,TSS,Total Suspended Solids,4,2,,,,,
H4,B,2/6/18,2/6/18,TSS,Total Suspended Solids,17,19.1,,,,,
H4,S,2/6/18,2/6/18,TSS,Total Suspended Solids,6,2,,,,,
H4,B,3/6/18,3/6/18,TSS,Total Suspended Solids,5,19,,,,,
H4,S,3/6/18,3/6/18,TSS,Total Suspended Solids,2,1.9,,,,,
H4,B,4/9/18,4/9/18,TSS,Total Suspended Solids,3,19,,,,,
H4,S,4/9/18,4/9/18,TSS,Total Suspended Solids,4,2,,,,,
H4,B,5/1/18,5/1/18,TSS,Total Suspended Solids,5,19,,,,,
H4,S,5/1/18,5/1/18,TSS,Total Suspended Solids,4,2,,,,,
H4,B,5/30/18,5/30/18,TSS,Total Suspended Solids,3,19,,,,,
H4,S,5/30/18,5/30/18,TSS,Total Suspended Solids,2,2,,,,,
H4,B,7/2/18,7/2/18,TSS,Total Suspended Solids,10,19.1,,,,,
H4,S,7/2/18,7/2/18,TSS,Total Suspended Solids,3,1.9,,,,,
H4,B,7/30/18,7/30/18,TSS,Total Suspended Solids,6,19,,,,,
H4,S,7/30/18,7/30/18,TSS,Total Suspended Solids,3,2,,,,,
H4,B,8/27/18,8/27/18,TSS,Total Suspended Solids,6,19,,,,,
H4,S,8/27/18,8/27/18,TSS,Total Suspended Solids,3,2,,,,,
H4,B,10/2/18,10/2/18,TSS,Total Suspended Solids,5,19,,,,,
H4,S,10/2/18,10/2/18,TSS,Total Suspended Solids,3,2,,,,,
H4,B,11/5/18,11/5/18,TSS,Total Suspended Solids,8,19.2,,,,,
H4,S,11/5/18,11/5/18,TSS,Total Suspended Solids,4,2,,,,,
H4,B,11/30/18,11/30/18,TSS,Total Suspended Solids,22,19,,,,,
H4,S,11/30/18,11/30/18,TSS,Total Suspended Solids,18,2,,,,,
H2,B,1/10/18,1/10/18,DON,Dissolved Organic Nitrogen,NA,10.2,,0.261,NA,0.136,
H2,S,1/10/18,1/10/18,DON,Dissolved Organic Nitrogen,NA,2,,0.268,NA,0.132,
H2,B,2/6/18,2/6/18,DON,Dissolved Organic Nitrogen,0.118,10,,0.162,0.017,0.027,
H2,S,2/6/18,2/6/18,DON,Dissolved Organic Nitrogen,0.111,2,,0.151,0.023,0.017,
H2,B,3/6/18,3/6/18,DON,Dissolved Organic Nitrogen,NA,10.5,,0.139,NA,0.008,
H2,S,3/6/18,3/6/18,DON,Dissolved Organic Nitrogen,NA,1.9,,0.124,NA,0.012,
H2,B,4/9/18,4/9/18,DON,Dissolved Organic Nitrogen,NA,10.4,,0.139,NA,0.008,
H2,S,4/9/18,4/9/18,DON,Dissolved Organic Nitrogen,NA,2,,0.145,NA,0.009,
H2,B,5/1/18,5/1/18,DON,Dissolved Organic Nitrogen,0.102,10.2,,0.135,0.011,0.022,
H2,S,5/1/18,5/1/18,DON,Dissolved Organic Nitrogen,0.093,2,,0.12,0.004,0.023,
H2,B,5/30/18,5/30/18,DON,Dissolved Organic Nitrogen,0.111,9.6,,0.13,0.007,0.012,
H2,S,5/30/18,5/30/18,DON,Dissolved Organic Nitrogen,NA,2,,0.134,NA,0.016,
H2,B,7/2/18,7/2/18,DON,Dissolved Organic Nitrogen,0.121,9.8,,0.151,0.004,0.026,
H2,S,7/2/18,7/2/18,DON,Dissolved Organic Nitrogen,NA,1.9,,0.144,NA,0.02,
H2,B,7/30/18,7/30/18,DON,Dissolved Organic Nitrogen,0.136,9.8,,0.198,0.027,0.035,
H2,S,7/30/18,7/30/18,DON,Dissolved Organic Nitrogen,NA,2,,0.175,NA,0.013,
H2,B,8/27/18,8/27/18,DON,Dissolved Organic Nitrogen,0.149,9.7,,0.268,0.005,0.114,
H2,S,8/27/18,8/27/18,DON,Dissolved Organic Nitrogen,NA,2,,0.203,NA,0.016,
H2,B,10/2/18,10/2/18,DON,Dissolved Organic Nitrogen,NA,9.8,,0.203,NA,0.046,
H2,S,10/2/18,10/2/18,DON,Dissolved Organic Nitrogen,0.152,2,,0.227,0.004,0.071,
H2,B,11/5/18,11/5/18,DON,Dissolved Organic Nitrogen,NA,10.2,,0.264,NA,0.117,
H2,S,11/5/18,11/5/18,DON,Dissolved Organic Nitrogen,0.159,2,,0.285,0.007,0.119,
H2,B,11/30/18,11/30/18,DON,Dissolved Organic Nitrogen,0.101,10,,0.258,0.023,0.134,
H2,S,11/30/18,11/30/18,DON,Dissolved Organic Nitrogen,0.106,2,,0.279,0.019,0.154,
H2,B,1/10/18,1/10/18,NH4,Ammonia,NA,10.2,,,,,
H2,S,1/10/18,1/10/18,NH4,Ammonia,NA,2,,,,,
H2,B,2/6/18,2/6/18,NH4,Ammonia,0.017,10,,,,,
H2,S,2/6/18,2/6/18,NH4,Ammonia,0.023,2,,,,,
H2,B,3/6/18,3/6/18,NH4,Ammonia,NA,10.5,,,,,
H2,S,3/6/18,3/6/18,NH4,Ammonia,NA,1.9,,,,,
H2,B,4/9/18,4/9/18,NH4,Ammonia,NA,10.4,,,,,
H2,S,4/9/18,4/9/18,NH4,Ammonia,NA,2,,,,,
H2,B,5/1/18,5/1/18,NH4,Ammonia,0.011,10.2,,,,,
H2,S,5/1/18,5/1/18,NH4,Ammonia,0.004,2,,,,,
H2,B,5/30/18,5/30/18,NH4,Ammonia,0.007,9.6,,,,,
H2,S,5/30/18,5/30/18,NH4,Ammonia,NA,2,,,,,
H2,B,7/2/18,7/2/18,NH4,Ammonia,0.004,9.8,,,,,
H2,S,7/2/18,7/2/18,NH4,Ammonia,NA,1.9,,,,,
H2,B,7/30/18,7/30/18,NH4,Ammonia,0.027,9.8,,,,,
H2,S,7/30/18,7/30/18,NH4,Ammonia,NA,2,,,,,
H2,B,8/27/18,8/27/18,NH4,Ammonia,0.005,9.7,,,,,
H2,S,8/27/18,8/27/18,NH4,Ammonia,NA,2,,,,,
H2,B,10/2/18,10/2/18,NH4,Ammonia,NA,9.8,,,,,
H2,S,10/2/18,10/2/18,NH4,Ammonia,0.004,2,,,,,
H2,B,11/5/18,11/5/18,NH4,Ammonia,NA,10.2,,,,,
H2,S,11/5/18,11/5/18,NH4,Ammonia,0.007,2,,,,,
H2,B,11/30/18,11/30/18,NH4,Ammonia,0.023,10,,,,,
H2,S,11/30/18,11/30/18,NH4,Ammonia,0.019,2,,,,,
H2,B,1/10/18,1/10/18,BIOSI,Biogenic Silica,0.785,10.5,,,,,
H2,S,1/10/18,1/10/18,BIOSI,Biogenic Silica,0.658,1.9,,,,,
H2,B,2/6/18,2/6/18,BIOSI,Biogenic Silica,1.492,10.4,,,,,
H2,S,2/6/18,2/6/18,BIOSI,Biogenic Silica,1.694,2,,,,,
H2,B,3/6/18,3/6/18,BIOSI,Biogenic Silica,0.6,10.2,,,,,
H2,S,3/6/18,3/6/18,BIOSI,Biogenic Silica,0.362,2,,,,,
H2,B,4/9/18,4/9/18,BIOSI,Biogenic Silica,0.586,9.6,,,,,
H2,S,4/9/18,4/9/18,BIOSI,Biogenic Silica,0.551,2,,,,,
H2,B,5/1/18,5/1/18,BIOSI,Biogenic Silica,0.683,9.8,,,,,
H2,S,5/1/18,5/1/18,BIOSI,Biogenic Silica,0.461,1.9,,,,,
H2,B,5/30/18,5/30/18,BIOSI,Biogenic Silica,1.108,9.8,,,,,
H2,S,5/30/18,5/30/18,BIOSI,Biogenic Silica,0.248,2,,,,,
H2,B,7/2/18,7/2/18,BIOSI,Biogenic Silica,1.647,9.7,,,,,
H2,S,7/2/18,7/2/18,BIOSI,Biogenic Silica,0.209,2,,,,,
H2,B,7/30/18,7/30/18,BIOSI,Biogenic Silica,0.668,9.8,,,,,
H2,S,7/30/18,7/30/18,BIOSI,Biogenic Silica,0.282,2,,,,,
H2,B,8/27/18,8/27/18,BIOSI,Biogenic Silica,0.568,10.2,,,,,
H2,S,8/27/18,8/27/18,BIOSI,Biogenic Silica,0.245,2,,,,,
H2,B,10/2/18,10/2/18,BIOSI,Biogenic Silica,0.422,10,,,,,
H2,S,10/2/18,10/2/18,BIOSI,Biogenic Silica,0.845,2,,,,,
H2,B,11/5/18,11/5/18,BIOSI,Biogenic Silica,0.997,10.5,,,,,
H2,S,11/5/18,11/5/18,BIOSI,Biogenic Silica,0.598,1.9,,,,,
H2,B,11/30/18,11/30/18,BIOSI,Biogenic Silica,1.191,10.4,,,,,
H2,S,11/30/18,11/30/18,BIOSI,Biogenic Silica,0.654,2,,,,,
H2,B,1/10/18,1/10/18,CHLA,Chlorophyll a,2.1,10.2,,,,,
H2,S,1/10/18,1/10/18,CHLA,Chlorophyll a,2.1,2,,,,,
H2,B,2/6/18,2/6/18,CHLA,Chlorophyll a,5.4,9.6,,,,,
H2,S,2/6/18,2/6/18,CHLA,Chlorophyll a,5.6,2,,,,,
H2,B,3/6/18,3/6/18,CHLA,Chlorophyll a,4.5,9.8,,,,,
H2,S,3/6/18,3/6/18,CHLA,Chlorophyll a,3,1.9,,,,,
H2,B,4/9/18,4/9/18,CHLA,Chlorophyll a,5,9.8,,,,,
H2,S,4/9/18,4/9/18,CHLA,Chlorophyll a,4.6,2,,,,,
H2,B,5/1/18,5/1/18,CHLA,Chlorophyll a,5,9.7,,,,,
H2,S,5/1/18,5/1/18,CHLA,Chlorophyll a,5.6,2,,,,,
H2,B,5/30/18,5/30/18,CHLA,Chlorophyll a,4,9.8,,,,,
H2,S,5/30/18,5/30/18,CHLA,Chlorophyll a,1.9,2,,,,,
H2,B,7/2/18,7/2/18,CHLA,Chlorophyll a,7.6,10.2,,,,,
H2,S,7/2/18,7/2/18,CHLA,Chlorophyll a,2.2,2,,,,,
H2,B,7/16/18,7/16/18,CHLA,Chlorophyll a,2.5,10,,,,,
H2,S,7/16/18,7/16/18,CHLA,Chlorophyll a,5.4,2,,,,,
H2,B,7/30/18,7/30/18,CHLA,Chlorophyll a,1.9,10.5,,,,,
H2,S,7/30/18,7/30/18,CHLA,Chlorophyll a,4.6,1.9,,,,,
H2,B,8/13/18,8/13/18,CHLA,Chlorophyll a,2.3,10.4,,,,,
H2,S,8/13/18,8/13/18,CHLA,Chlorophyll a,4.9,2,,,,,
H2,B,8/27/18,8/27/18,CHLA,Chlorophyll a,2.6,10.2,,,,,
H2,S,8/27/18,8/27/18,CHLA,Chlorophyll a,3.6,2,,,,,
H2,B,10/2/18,10/2/18,CHLA,Chlorophyll a,6.4,9.6,,,,,
H2,S,10/2/18,10/2/18,CHLA,Chlorophyll a,5.2,2,,,,,
H2,B,11/5/18,11/5/18,CHLA,Chlorophyll a,3.8,9.8,,,,,
H2,S,11/5/18,11/5/18,CHLA,Chlorophyll a,3.4,1.9,,,,,
H2,B,11/30/18,11/30/18,CHLA,Chlorophyll a,3.2,9.8,,,,,
H2,S,11/30/18,11/30/18,CHLA,Chlorophyll a,2.6,2,,,,,
H2,B,1/10/18,1/10/18,DOC,Dissolved Organic Carbon,1.7,9.7,,,,,
H2,S,1/10/18,1/10/18,DOC,Dissolved Organic Carbon,1.8,2,,,,,
H2,B,2/6/18,2/6/18,DOC,Dissolved Organic Carbon,1.6,9.8,,,,,
H2,S,2/6/18,2/6/18,DOC,Dissolved Organic Carbon,1.7,2,,,,,
H2,B,3/6/18,3/6/18,DOC,Dissolved Organic Carbon,1.7,10.2,,,,,
H2,S,3/6/18,3/6/18,DOC,Dissolved Organic Carbon,1.5,2,,,,,
H2,B,4/9/18,4/9/18,DOC,Dissolved Organic Carbon,1.6,10,,,,,
H2,S,4/9/18,4/9/18,DOC,Dissolved Organic Carbon,1.7,2,,,,,
H2,B,5/1/18,5/1/18,DOC,Dissolved Organic Carbon,1.5,10.5,,,,,
H2,S,5/1/18,5/1/18,DOC,Dissolved Organic Carbon,1.5,1.9,,,,,
H2,B,5/30/18,5/30/18,DOC,Dissolved Organic Carbon,1.5,10.4,,,,,
H2,S,5/30/18,5/30/18,DOC,Dissolved Organic Carbon,1.5,2,,,,,
H2,B,7/2/18,7/2/18,DOC,Dissolved Organic Carbon,1.6,10.2,,,,,
H2,S,7/2/18,7/2/18,DOC,Dissolved Organic Carbon,1.9,2,,,,,
H2,B,7/30/18,7/30/18,DOC,Dissolved Organic Carbon,1.7,9.6,,,,,
H2,S,7/30/18,7/30/18,DOC,Dissolved Organic Carbon,2,2,,,,,
H2,B,8/27/18,8/27/18,DOC,Dissolved Organic Carbon,1.7,9.8,,,,,
H2,S,8/27/18,8/27/18,DOC,Dissolved Organic Carbon,2.2,1.9,,,,,
H2,B,10/2/18,10/2/18,DOC,Dissolved Organic Carbon,1.7,9.8,,,,,
H2,S,10/2/18,10/2/18,DOC,Dissolved Organic Carbon,1.6,2,,,,,
H2,B,11/5/18,11/5/18,DOC,Dissolved Organic Carbon,1.6,9.7,,,,,
H2,S,11/5/18,11/5/18,DOC,Dissolved Organic Carbon,1.7,2,,,,,
H2,B,11/30/18,11/30/18,DOC,Dissolved Organic Carbon,1.6,9.8,,,,,
H2,S,11/30/18,11/30/18,DOC,Dissolved Organic Carbon,1.6,2,,,,,
H2,B,1/10/18,1/10/18,DSI,Dissolved Silica,2.753,10.2,,,,,
H2,S,1/10/18,1/10/18,DSI,Dissolved Silica,2.756,2,,,,,
H2,B,2/6/18,2/6/18,DSI,Dissolved Silica,1.278,10,,,,,
H2,S,2/6/18,2/6/18,DSI,Dissolved Silica,1.125,2,,,,,
H2,B,3/6/18,3/6/18,DSI,Dissolved Silica,0.227,10.5,,,,,
H2,S,3/6/18,3/6/18,DSI,Dissolved Silica,0.253,1.9,,,,,
H2,B,4/9/18,4/9/18,DSI,Dissolved Silica,0.09,10.4,,,,,
H2,S,4/9/18,4/9/18,DSI,Dissolved Silica,0.104,2,,,,,
H2,B,5/1/18,5/1/18,DSI,Dissolved Silica,0.035,10.2,,,,,
H2,S,5/1/18,5/1/18,DSI,Dissolved Silica,0.039,2,,,,,
H2,B,5/30/18,5/30/18,DSI,Dissolved Silica,0.437,9.6,,,,,
H2,S,5/30/18,5/30/18,DSI,Dissolved Silica,0.322,2,,,,,
H2,B,7/2/18,7/2/18,DSI,Dissolved Silica,1.043,9.8,,,,,
H2,S,7/2/18,7/2/18,DSI,Dissolved Silica,0.161,1.9,,,,,
H2,B,7/30/18,7/30/18,DSI,Dissolved Silica,1.644,9.8,,,,,
H2,S,7/30/18,7/30/18,DSI,Dissolved Silica,1.328,2,,,,,
H2,B,8/27/18,8/27/18,DSI,Dissolved Silica,2.471,9.7,,,,,
H2,S,8/27/18,8/27/18,DSI,Dissolved Silica,1.584,2,,,,,
H2,B,10/2/18,10/2/18,DSI,Dissolved Silica,2.094,9.8,,,,,
H2,S,10/2/18,10/2/18,DSI,Dissolved Silica,2.296,2,,,,,
H2,B,11/5/18,11/5/18,DSI,Dissolved Silica,2.213,10.2,,,,,
H2,S,11/5/18,11/5/18,DSI,Dissolved Silica,2.486,2,,,,,
H2,B,11/30/18,11/30/18,DSI,Dissolved Silica,2.413,10,,,,,
H2,S,11/30/18,11/30/18,DSI,Dissolved Silica,2.632,2,,,,,
H2,B,1/10/18,1/10/18,NOx,Nitrate + Nitrite,0.136,10.5,,,,,
H2,S,1/10/18,1/10/18,NOx,Nitrate + Nitrite,0.132,1.9,,,,,
H2,B,2/6/18,2/6/18,NOx,Nitrate + Nitrite,0.027,10.4,,,,,
H2,S,2/6/18,2/6/18,NOx,Nitrate + Nitrite,0.017,2,,,,,
H2,B,3/6/18,3/6/18,NOx,Nitrate + Nitrite,0.008,10.2,,,,,
H2,S,3/6/18,3/6/18,NOx,Nitrate + Nitrite,0.012,2,,,,,
H2,B,4/9/18,4/9/18,NOx,Nitrate + Nitrite,0.008,9.6,,,,,
H2,S,4/9/18,4/9/18,NOx,Nitrate + Nitrite,0.009,2,,,,,
H2,B,5/1/18,5/1/18,NOx,Nitrate + Nitrite,0.022,9.8,,,,,
H2,S,5/1/18,5/1/18,NOx,Nitrate + Nitrite,0.023,1.9,,,,,
H2,B,5/30/18,5/30/18,NOx,Nitrate + Nitrite,0.012,9.8,,,,,
H2,S,5/30/18,5/30/18,NOx,Nitrate + Nitrite,0.016,2,,,,,
H2,B,7/2/18,7/2/18,NOx,Nitrate + Nitrite,0.026,9.7,,,,,
H2,S,7/2/18,7/2/18,NOx,Nitrate + Nitrite,0.02,2,,,,,
H2,B,7/30/18,7/30/18,NOx,Nitrate + Nitrite,0.035,9.8,,,,,
H2,S,7/30/18,7/30/18,NOx,Nitrate + Nitrite,0.013,2,,,,,
H2,B,8/27/18,8/27/18,NOx,Nitrate + Nitrite,0.114,10.2,,,,,
H2,S,8/27/18,8/27/18,NOx,Nitrate + Nitrite,0.016,2,,,,,
H2,B,10/2/18,10/2/18,NOx,Nitrate + Nitrite,0.046,10,,,,,
H2,S,10/2/18,10/2/18,NOx,Nitrate + Nitrite,0.071,2,,,,,
H2,B,11/5/18,11/5/18,NOx,Nitrate + Nitrite,0.117,10.5,,,,,
H2,S,11/5/18,11/5/18,NOx,Nitrate + Nitrite,0.119,1.9,,,,,
H2,B,11/30/18,11/30/18,NOx,Nitrate + Nitrite,0.134,10.4,,,,,
H2,S,11/30/18,11/30/18,NOx,Nitrate + Nitrite,0.154,2,,,,,
H2,B,1/10/18,1/10/18,DIP,Orthophosphate,0.082,10.2,,,,,
H2,S,1/10/18,1/10/18,DIP,Orthophosphate,0.086,2,,,,,
H2,B,2/6/18,2/6/18,DIP,Orthophosphate,0.057,9.6,,,,,
H2,S,2/6/18,2/6/18,DIP,Orthophosphate,0.054,2,,,,,
H2,B,3/6/18,3/6/18,DIP,Orthophosphate,0.031,9.8,,,,,
H2,S,3/6/18,3/6/18,DIP,Orthophosphate,0.031,1.9,,,,,
H2,B,4/9/18,4/9/18,DIP,Orthophosphate,0.025,9.8,,,,,
H2,S,4/9/18,4/9/18,DIP,Orthophosphate,0.026,2,,,,,
H2,B,5/1/18,5/1/18,DIP,Orthophosphate,0.031,9.7,,,,,
H2,S,5/1/18,5/1/18,DIP,Orthophosphate,0.029,2,,,,,
H2,B,5/30/18,5/30/18,DIP,Orthophosphate,0.032,9.8,,,,,
H2,S,5/30/18,5/30/18,DIP,Orthophosphate,0.031,2,,,,,
H2,B,7/2/18,7/2/18,DIP,Orthophosphate,0.045,10.2,,,,,
H2,S,7/2/18,7/2/18,DIP,Orthophosphate,0.021,2,,,,,
H2,B,7/30/18,7/30/18,DIP,Orthophosphate,0.05,10,,,,,
H2,S,7/30/18,7/30/18,DIP,Orthophosphate,0.033,2,,,,,
H2,B,8/27/18,8/27/18,DIP,Orthophosphate,0.073,10.5,,,,,
H2,S,8/27/18,8/27/18,DIP,Orthophosphate,0.044,1.9,,,,,
H2,B,10/2/18,10/2/18,DIP,Orthophosphate,0.074,10.4,,,,,
H2,S,10/2/18,10/2/18,DIP,Orthophosphate,0.079,2,,,,,
H2,B,11/5/18,11/5/18,DIP,Orthophosphate,0.084,10.2,,,,,
H2,S,11/5/18,11/5/18,DIP,Orthophosphate,0.083,2,,,,,
H2,B,11/30/18,11/30/18,DIP,Orthophosphate,0.08,9.6,,,,,
H2,S,11/30/18,11/30/18,DIP,Orthophosphate,0.079,2,,,,,
H2,B,1/10/18,1/10/18,PC,Particulate Carbon,0.337,9.8,,,,,
H2,S,1/10/18,1/10/18,PC,Particulate Carbon,0.392,1.9,,,,,
H2,B,2/6/18,2/6/18,PC,Particulate Carbon,0.733,9.8,,,,,
H2,S,2/6/18,2/6/18,PC,Particulate Carbon,0.758,2,,,,,
H2,B,3/6/18,3/6/18,PC,Particulate Carbon,0.454,9.7,,,,,
H2,S,3/6/18,3/6/18,PC,Particulate Carbon,0.338,2,,,,,
H2,B,4/9/18,4/9/18,PC,Particulate Carbon,0.536,9.8,,,,,
H2,S,4/9/18,4/9/18,PC,Particulate Carbon,0.544,2,,,,,
H2,B,5/1/18,5/1/18,PC,Particulate Carbon,0.451,10.2,,,,,
H2,S,5/1/18,5/1/18,PC,Particulate Carbon,0.544,2,,,,,
H2,B,5/30/18,5/30/18,PC,Particulate Carbon,0.508,10,,,,,
H2,S,5/30/18,5/30/18,PC,Particulate Carbon,0.53,2,,,,,
H2,B,7/2/18,7/2/18,PC,Particulate Carbon,0.74,10.5,,,,,
H2,S,7/2/18,7/2/18,PC,Particulate Carbon,0.726,1.9,,,,,
H2,B,7/30/18,7/30/18,PC,Particulate Carbon,0.351,10.4,,,,,
H2,S,7/30/18,7/30/18,PC,Particulate Carbon,0.783,2,,,,,
H2,B,8/27/18,8/27/18,PC,Particulate Carbon,0.353,10.2,,,,,
H2,S,8/27/18,8/27/18,PC,Particulate Carbon,0.58,2,,,,,
H2,B,10/2/18,10/2/18,PC,Particulate Carbon,0.596,9.6,,,,,
H2,S,10/2/18,10/2/18,PC,Particulate Carbon,0.363,2,,,,,
H2,B,11/5/18,11/5/18,PC,Particulate Carbon,0.339,9.8,,,,,
H2,S,11/5/18,11/5/18,PC,Particulate Carbon,0.277,1.9,,,,,
H2,B,11/30/18,11/30/18,PC,Particulate Carbon,0.393,9.8,,,,,
H2,S,11/30/18,11/30/18,PC,Particulate Carbon,0.381,2,,,,,
H2,B,1/10/18,1/10/18,PN,Particulate Nitrogen,0.032,9.7,,,,,
H2,S,1/10/18,1/10/18,PN,Particulate Nitrogen,0.039,2,,,,,
H2,B,2/6/18,2/6/18,PN,Particulate Nitrogen,0.125,9.8,,,,,
H2,S,2/6/18,2/6/18,PN,Particulate Nitrogen,0.126,2,,,,,
H2,B,3/6/18,3/6/18,PN,Particulate Nitrogen,0.053,10.2,,,,,
H2,S,3/6/18,3/6/18,PN,Particulate Nitrogen,0.035,2,,,,,
H2,B,4/9/18,4/9/18,PN,Particulate Nitrogen,0.045,10,,,,,
H2,S,4/9/18,4/9/18,PN,Particulate Nitrogen,0.048,2,,,,,
H2,B,5/1/18,5/1/18,PN,Particulate Nitrogen,0.062,10.5,,,,,
H2,S,5/1/18,5/1/18,PN,Particulate Nitrogen,0.074,1.9,,,,,
H2,B,5/30/18,5/30/18,PN,Particulate Nitrogen,0.071,10.4,,,,,
H2,S,5/30/18,5/30/18,PN,Particulate Nitrogen,0.065,2,,,,,
H2,B,7/2/18,7/2/18,PN,Particulate Nitrogen,0.11,10.2,,,,,
H2,S,7/2/18,7/2/18,PN,Particulate Nitrogen,0.064,2,,,,,
H2,B,7/30/18,7/30/18,PN,Particulate Nitrogen,0.041,9.6,,,,,
H2,S,7/30/18,7/30/18,PN,Particulate Nitrogen,0.086,2,,,,,
H2,B,8/27/18,8/27/18,PN,Particulate Nitrogen,0.056,9.8,,,,,
H2,S,8/27/18,8/27/18,PN,Particulate Nitrogen,0.075,1.9,,,,,
H2,B,10/2/18,10/2/18,PN,Particulate Nitrogen,0.072,9.8,,,,,
H2,S,10/2/18,10/2/18,PN,Particulate Nitrogen,0.057,2,,,,,
H2,B,11/5/18,11/5/18,PN,Particulate Nitrogen,0.05,9.7,,,,,
H2,S,11/5/18,11/5/18,PN,Particulate Nitrogen,0.046,2,,,,,
H2,B,11/30/18,11/30/18,PN,Particulate Nitrogen,0.051,9.8,,,,,
H2,S,11/30/18,11/30/18,PN,Particulate Nitrogen,0.046,2,,,,,
H2,B,1/10/18,1/10/18,PP,Particulate Phosphorus,0.007,10.2,,,,,
H2,S,1/10/18,1/10/18,PP,Particulate Phosphorus,0.006,2,,,,,
H2,B,2/6/18,2/6/18,PP,Particulate Phosphorus,0.017,10,,,,,
H2,S,2/6/18,2/6/18,PP,Particulate Phosphorus,0.018,2,,,,,
H2,B,3/6/18,3/6/18,PP,Particulate Phosphorus,0.007,10.5,,,,,
H2,S,3/6/18,3/6/18,PP,Particulate Phosphorus,0.005,1.9,,,,,
H2,B,4/9/18,4/9/18,PP,Particulate Phosphorus,0.009,10.4,,,,,
H2,S,4/9/18,4/9/18,PP,Particulate Phosphorus,0.008,2,,,,,
H2,B,5/1/18,5/1/18,PP,Particulate Phosphorus,0.01,10.2,,,,,
H2,S,5/1/18,5/1/18,PP,Particulate Phosphorus,0.009,2,,,,,
H2,B,5/30/18,5/30/18,PP,Particulate Phosphorus,0.011,9.6,,,,,
H2,S,5/30/18,5/30/18,PP,Particulate Phosphorus,0.007,2,,,,,
H2,B,7/2/18,7/2/18,PP,Particulate Phosphorus,0.018,9.8,,,,,
H2,S,7/2/18,7/2/18,PP,Particulate Phosphorus,0.006,1.9,,,,,
H2,B,7/30/18,7/30/18,PP,Particulate Phosphorus,0.007,9.8,,,,,
H2,S,7/30/18,7/30/18,PP,Particulate Phosphorus,0.009,2,,,,,
H2,B,8/27/18,8/27/18,PP,Particulate Phosphorus,0.007,9.7,,,,,
H2,S,8/27/18,8/27/18,PP,Particulate Phosphorus,0.008,2,,,,,
H2,B,10/2/18,10/2/18,PP,Particulate Phosphorus,0.006,9.8,,,,,
H2,S,10/2/18,10/2/18,PP,Particulate Phosphorus,0.008,2,,,,,
H2,B,11/5/18,11/5/18,PP,Particulate Phosphorus,0.006,10.2,,,,,
H2,S,11/5/18,11/5/18,PP,Particulate Phosphorus,0.002,2,,,,,
H2,B,11/30/18,11/30/18,PP,Particulate Phosphorus,0.01,10,,,,,
H2,S,11/30/18,11/30/18,PP,Particulate Phosphorus,0.006,2,,,,,
H2,B,1/10/18,1/10/18,TDN,Total Dissolved Nitrogen,0.261,10.5,,,,,
H2,S,1/10/18,1/10/18,TDN,Total Dissolved Nitrogen,0.268,1.9,,,,,
H2,B,2/6/18,2/6/18,TDN,Total Dissolved Nitrogen,0.162,10.4,,,,,
H2,S,2/6/18,2/6/18,TDN,Total Dissolved Nitrogen,0.151,2,,,,,
H2,B,3/6/18,3/6/18,TDN,Total Dissolved Nitrogen,0.139,10.2,,,,,
H2,S,3/6/18,3/6/18,TDN,Total Dissolved Nitrogen,0.124,2,,,,,
H2,B,4/9/18,4/9/18,TDN,Total Dissolved Nitrogen,0.139,9.6,,,,,
H2,S,4/9/18,4/9/18,TDN,Total Dissolved Nitrogen,0.145,2,,,,,
H2,B,5/1/18,5/1/18,TDN,Total Dissolved Nitrogen,0.135,9.8,,,,,
H2,S,5/1/18,5/1/18,TDN,Total Dissolved Nitrogen,0.12,1.9,,,,,
H2,B,5/30/18,5/30/18,TDN,Total Dissolved Nitrogen,0.13,9.8,,,,,
H2,S,5/30/18,5/30/18,TDN,Total Dissolved Nitrogen,0.134,2,,,,,
H2,B,7/2/18,7/2/18,TDN,Total Dissolved Nitrogen,0.151,9.7,,,,,
H2,S,7/2/18,7/2/18,TDN,Total Dissolved Nitrogen,0.144,2,,,,,
H2,B,7/30/18,7/30/18,TDN,Total Dissolved Nitrogen,0.198,9.8,,,,,
H2,S,7/30/18,7/30/18,TDN,Total Dissolved Nitrogen,0.175,2,,,,,
H2,B,8/27/18,8/27/18,TDN,Total Dissolved Nitrogen,0.268,10.2,,,,,
H2,S,8/27/18,8/27/18,TDN,Total Dissolved Nitrogen,0.203,2,,,,,
H2,B,10/2/18,10/2/18,TDN,Total Dissolved Nitrogen,0.203,10,,,,,
H2,S,10/2/18,10/2/18,TDN,Total Dissolved Nitrogen,0.227,2,,,,,
H2,B,11/5/18,11/5/18,TDN,Total Dissolved Nitrogen,0.264,10.5,,,,,
H2,S,11/5/18,11/5/18,TDN,Total Dissolved Nitrogen,0.285,1.9,,,,,
H2,B,11/30/18,11/30/18,TDN,Total Dissolved Nitrogen,0.258,10.4,,,,,
H2,S,11/30/18,11/30/18,TDN,Total Dissolved Nitrogen,0.279,2,,,,,
H2,B,1/10/18,1/10/18,TDP,Total Dissolved Phosphorus,0.098,10.2,,,,,
H2,S,1/10/18,1/10/18,TDP,Total Dissolved Phosphorus,0.1,2,,,,,
H2,B,2/6/18,2/6/18,TDP,Total Dissolved Phosphorus,0.048,9.6,,,,,
H2,S,2/6/18,2/6/18,TDP,Total Dissolved Phosphorus,0.046,2,,,,,
H2,B,3/6/18,3/6/18,TDP,Total Dissolved Phosphorus,0.036,9.8,,,,,
H2,S,3/6/18,3/6/18,TDP,Total Dissolved Phosphorus,0.44,1.9,,,,,
H2,B,4/9/18,4/9/18,TDP,Total Dissolved Phosphorus,0.025,9.8,,,,,
H2,S,4/9/18,4/9/18,TDP,Total Dissolved Phosphorus,0.028,2,,,,,
H2,B,5/1/18,5/1/18,TDP,Total Dissolved Phosphorus,0.036,9.7,,,,,
H2,S,5/1/18,5/1/18,TDP,Total Dissolved Phosphorus,0.032,2,,,,,
H2,B,5/30/18,5/30/18,TDP,Total Dissolved Phosphorus,0.031,9.8,,,,,
H2,S,5/30/18,5/30/18,TDP,Total Dissolved Phosphorus,0.029,2,,,,,
H2,B,7/2/18,7/2/18,TDP,Total Dissolved Phosphorus,0.048,10.2,,,,,
H2,S,7/2/18,7/2/18,TDP,Total Dissolved Phosphorus,0.028,2,,,,,
H2,B,7/30/18,7/30/18,TDP,Total Dissolved Phosphorus,0.054,10,,,,,
H2,S,7/30/18,7/30/18,TDP,Total Dissolved Phosphorus,0.042,2,,,,,
H2,B,8/27/18,8/27/18,TDP,Total Dissolved Phosphorus,0.078,10.5,,,,,
H2,S,8/27/18,8/27/18,TDP,Total Dissolved Phosphorus,0.056,1.9,,,,,
H2,B,10/2/18,10/2/18,TDP,Total Dissolved Phosphorus,0.075,10.4,,,,,
H2,S,10/2/18,10/2/18,TDP,Total Dissolved Phosphorus,0.08,2,,,,,
H2,B,11/5/18,11/5/18,TDP,Total Dissolved Phosphorus,0.079,10.2,,,,,
H2,S,11/5/18,11/5/18,TDP,Total Dissolved Phosphorus,0.082,2,,,,,
H2,B,11/30/18,11/30/18,TDP,Total Dissolved Phosphorus,0.081,9.6,,,,,
H2,S,11/30/18,11/30/18,TDP,Total Dissolved Phosphorus,0.085,2,,,,,
H2,B,1/10/18,1/10/18,TSS,Total Suspended Solids,5,9.8,,,,,
H2,S,1/10/18,1/10/18,TSS,Total Suspended Solids,5,1.9,,,,,
H2,B,2/6/18,2/6/18,TSS,Total Suspended Solids,7,9.8,,,,,
H2,S,2/6/18,2/6/18,TSS,Total Suspended Solids,7,2,,,,,
H2,B,3/6/18,3/6/18,TSS,Total Suspended Solids,3,9.7,,,,,
H2,S,3/6/18,3/6/18,TSS,Total Suspended Solids,3,2,,,,,
H2,B,4/9/18,4/9/18,TSS,Total Suspended Solids,4,9.8,,,,,
H2,S,4/9/18,4/9/18,TSS,Total Suspended Solids,4,2,,,,,
H2,B,5/1/18,5/1/18,TSS,Total Suspended Solids,7,10.2,,,,,
H2,S,5/1/18,5/1/18,TSS,Total Suspended Solids,4,2,,,,,
H2,B,5/30/18,5/30/18,TSS,Total Suspended Solids,8,10,,,,,
H2,S,5/30/18,5/30/18,TSS,Total Suspended Solids,2,2,,,,,
H2,B,7/2/18,7/2/18,TSS,Total Suspended Solids,11,10.5,,,,,
H2,S,7/2/18,7/2/18,TSS,Total Suspended Solids,2,1.9,,,,,
H2,B,7/30/18,7/30/18,TSS,Total Suspended Solids,6,10.4,,,,,
H2,S,7/30/18,7/30/18,TSS,Total Suspended Solids,3,2,,,,,
H2,B,8/27/18,8/27/18,TSS,Total Suspended Solids,4,10.2,,,,,
H2,S,8/27/18,8/27/18,TSS,Total Suspended Solids,3,2,,,,,
H2,B,10/2/18,10/2/18,TSS,Total Suspended Solids,5,9.6,,,,,
H2,S,10/2/18,10/2/18,TSS,Total Suspended Solids,6,2,,,,,
H2,B,11/5/18,11/5/18,TSS,Total Suspended Solids,6,9.8,,,,,
H2,S,11/5/18,11/5/18,TSS,Total Suspended Solids,4,1.9,,,,,
H2,B,11/30/18,11/30/18,TSS,Total Suspended Solids,24,9.8,,,,,
H2,S,11/30/18,11/30/18,TSS,Total Suspended Solids,16,2,,,,,